#;Empresa1;Importante Inmobiliaria2;Importante Inmobiliaria3;Importante Empresa4;Importante Empresa5;ALTO S.A.6;ALTO S.A.7;Importante empresa8;Importante empresa9;Retail10;Retail11;Wom12;Wom13;Consorcio14;Consorcio15;Isapre Consalud16;Isapre Consalud17;Empresa de Tecnologí_a18;Empresa de Tecnologí_a19;Importante y reconocida emrpresa20;Importante y reconocida emrpresa21;Importante y reconocida empresa22;Importante y reconocida empresa23;importante y reconocida empresa24;importante y reconocida empresa25;importante y reconocida empresa26;importante y reconocida empresa27;Importante Empresa28;Importante Empresa29;Importante empresa de Construccií_n30;Importante empresa de Construccií_n31;Guante & Gacel32;Guante & Gacel33;importante compaí±í_a de la zona norte34;importante compaí±í_a de la zona norte35;Importante Empresa36;Importante Empresa37;Grupo AM38;Grupo AM39;Bupa40;Bupa41;FORUM SERVICIOS FINANCIEROS S A42;FORUM SERVICIOS FINANCIEROS S A43;Potencia Laboral44;Potencia Laboral45;MANDOMEDIO. COM S.A.46;MANDOMEDIO. COM S.A.47;Ingenierí_a y Gestií_n48;Ingenierí_a y Gestií_n49;EY (Ernst & Young)50;EY (Ernst & Young)51;EY (Ernst & Young)52;EY (Ernst & Young)53;EY (Ernst & Young)54;EY (Ernst & Young)55;Clí_nica Universidad de Los Andes56;Clí_nica Universidad de Los Andes57;LATAM CAR GROUP SPA58;LATAM CAR GROUP SPA59;FORUM SERVICIOS FINANCIEROS S A60;FORUM SERVICIOS FINANCIEROS S A61;FORUM SERVICIOS FINANCIEROS S A62;FORUM SERVICIOS FINANCIEROS S A63;Importante y reconocida empresa64;Importante y reconocida empresa65;Agrosuper66;Agrosuper67;Tottus68;Tottus69;ABCDIN70;ABCDIN71;Empresa de Servicios72;Empresa de Servicios73;MANDOMEDIO. COM S.A.74;MANDOMEDIO. COM S.A.75;Consorcio76;Consorcio77;Consorcio78;Consorcio79;Colgram S.A80;Colgram S.A81;Walmart Chile82;Walmart Chile83;Walmart Chile84;Walmart Chile85;MULTINACIONAL DE LOGíçSTICA Y DISTRIBUCIíñN86;MULTINACIONAL DE LOGíçSTICA Y DISTRIBUCIíñN87;SGS ACADEMY88;SGS ACADEMY89;SGS90;SGS91;Importante Institucií_n Financiera92;Importante Institucií_n Financiera93;DIPERK94;DIPERK95;Isapre96;Isapre97;Adecco Recursos Humanos98;Adecco Recursos Humanos99;GRAN HOLDING AUTOMOTRIZ100;GRAN HOLDING AUTOMOTRIZ101;Importante institucií_n financiera102;Importante institucií_n financiera103;SK Rental104;SK Rental105;ENJOY106;ENJOY107;Prestigiosa Empresa de Salud108;Prestigiosa Empresa de Salud109;Ingenierí_a y Gestií_n110;Ingenierí_a y Gestií_n111;cmpc112;cmpc113;Compaí±í_a de Retail114;Compaí±í_a de Retail115;ACCO Brands Chile S.A.116;ACCO Brands Chile S.A.117;Artikos Chile S.A.118;Artikos Chile S.A.119;Importante empresa120;Importante empresa121;Operador Logistico122;Operador Logistico123;ABCDIN124;ABCDIN125;MANDOMEDIO. COM S.A.126;MANDOMEDIO. COM S.A.127;Importante Empresa Industrial128;Importante Empresa Industrial129;Deloitte130;Deloitte131;Sodimac S.A.132;Sodimac S.A.133;Experiencia en Obras Concesionadas134;Experiencia en Obras Concesionadas135;Cooperativa del personal de Universidad de Chile  (COOPEUCH)136;Cooperativa del personal de Universidad de Chile  (COOPEUCH)137;Importante Empresa de Retail138;Importante Empresa de Retail139;Fondo Esperanza140;Fondo Esperanza141;Artikos Chile S.A.142;Artikos Chile S.A.143;Empresa del rubro de la Salud144;Empresa del rubro de la Salud145;FFVVT146;FFVVT147;Importante Empresa Industrial148;Importante Empresa Industrial149;Walmart Chile150;Walmart Chile151;Iansa152;Iansa153;Walmart Chile154;Walmart Chile155;GTD  GRUPO  TELEDUCTOS156;GTD  GRUPO  TELEDUCTOS157;sgs158;sgs159;ACHS160;ACHS161;Empresa de Ingenierí_a162;Empresa de Ingenierí_a163;Parque del Recuerdo164;Parque del Recuerdo165;MANDOMEDIO. COM S.A.166;MANDOMEDIO. COM S.A.167;Tottus168;Tottus169;Empresa Financiera/Tecnolí_gica170;Empresa Financiera/Tecnolí_gica171;Empresa de rubro industrial172;Empresa de rubro industrial173;Marsol  S.A174;Marsol  S.A175;Empresa Financiera176;Empresa Financiera177;GRUPO GTD178;GRUPO GTD179;Walmart Chile180;Walmart Chile181;Walmart Chile182;Walmart Chile183;Claro Chile184;Claro Chile185;Importante empresa del rubro186;Importante empresa del rubro187;Consorcio188;Consorcio189;Walmart Chile190;Walmart Chile191;GTD  GRUPO  TELEDUCTOS192;GTD  GRUPO  TELEDUCTOS193;Cencosud S.A.194;Cencosud S.A.195;Importante empresa de servicios196;Importante empresa de servicios197;SM Consulting198;SM Consulting199;VIíïA SAN PEDRO TARAPACíÅ S. A.200;VIíïA SAN PEDRO TARAPACíÅ S. A.201;GTD  GRUPO  TELEDUCTOS202;GTD  GRUPO  TELEDUCTOS203;Agrosuper204;Agrosuper205;Destacado holding de Ingenierí_a y Construccií_n206;Destacado holding de Ingenierí_a y Construccií_n207;Michael Page208;Michael Page209;SAHID HR CONSULTING210;SAHID HR CONSULTING211;Empresa de Logí_stica / Distribucií_n212;Empresa de Logí_stica / Distribucií_n213;NACIONAL214;NACIONAL215;Agrosuper216;Agrosuper217;Importante empresa multinacional218;Importante empresa multinacional219;logistica220;logistica221;comercial222;comercial223;Team Work Recursos Humanos Ltda.224;Team Work Recursos Humanos Ltda.225;Michael Page226;Michael Page227;Servicios de logí_stica228;Servicios de logí_stica229;Aguas Andinas230;Aguas Andinas231;Aguas Andinas232;Aguas Andinas233;STT Group Chile SpA234;STT Group Chile SpA235;Ingenierí_a y Gestií_n236;Ingenierí_a y Gestií_n237;Page Group238;Page Group239;Consalud240;Consalud241;Empresa logí_stica y distribucií_n242;Empresa logí_stica y distribucií_n243;Importante empresa244;Importante empresa245;Consumo Masivo246;Consumo Masivo247;Empresa de Transporte de Pasajeros METRO S.A248;Empresa de Transporte de Pasajeros METRO S.A249;Empresa de Alimentos250;Empresa de Alimentos251;Perceptual Consultores Ltda.252;Perceptual Consultores Ltda.253;Michael Page254;Michael Page255;Prestigiosa empresa Automotriz256;Prestigiosa empresa Automotriz257;Institucií_n de Educacií_n Superior258;Institucií_n de Educacií_n Superior259;NESTLE CHILE S.A.260;NESTLE CHILE S.A.261;Habilitacií_n de Oficinas262;Habilitacií_n de Oficinas263;IMPORTANTE EMPRESA264;IMPORTANTE EMPRESA265;EY (Ernst & Young)266;EY (Ernst & Young)267;Empresa de Consumo Masivo268;Empresa de Consumo Masivo269;Perceptual Consultores Ltda.270;Perceptual Consultores Ltda.271;Importante Empresa, Habilitacií_n de oficinas.272;Importante Empresa, Habilitacií_n de oficinas.273;Ripley274;Ripley275;Empresa retail276;Empresa retail277;Empresa de Tecnologí_a278;Empresa de Tecnologí_a279;Banco BICE280;Banco BICE281;BancoEstado Microempresas282;BancoEstado Microempresas283;Credicorp Capital Chile S.A284;Credicorp Capital Chile S.A285;IMPORTANTE EMPRESA286;IMPORTANTE EMPRESA287;Institucií_n Sin fines de lucro288;Institucií_n Sin fines de lucro289;Institucií_n Sin Fines de Lucro290;Institucií_n Sin Fines de Lucro291;Empresa Financiera.292;Empresa Financiera.293;Importante empresa de retail294;Importante empresa de retail295;Importante Empresa de Retail296;Importante Empresa de Retail297;Deloitte298;Deloitte299;Importante Empresa de Maquinaria y Equipos300;Importante Empresa de Maquinaria y Equipos301;EY (Ernst & Young)302;EY (Ernst & Young)303;Remates Macal304;Remates Macal305;Colgram S.A306;Colgram S.A307;IMPORTANTE EMPRESA308;IMPORTANTE EMPRESA309;Armas310;Armas311;Banco BICE312;Banco BICE313;Banco BICE314;Banco BICE315;Banco de Chile316;Banco de Chile317;EMPRESA VITIVINICOLA318;EMPRESA VITIVINICOLA319;Clinica Santa Maria320;Clinica Santa Maria321;Empresa de Alimentos322;Empresa de Alimentos323;Michael Page324;Michael Page325;Tíçctica Consultores326;Tíçctica Consultores327;Page Personnel328;Page Personnel329;Servicios330;Servicios331;Importante Holding de Retail332;Importante Holding de Retail333;CCU334;CCU335;Retail336;Retail337;Importantre Empresa de Retail Financiero338;Importantre Empresa de Retail Financiero339;Toyota Chile S.A.340;Toyota Chile S.A.341;Portal de Empleos Link Humano342;Portal de Empleos Link Humano343;MVS Group344;MVS Group345;Ripley346;Ripley347;Destacada Empresa de Seguros348;Destacada Empresa de Seguros349;Logistica350;Logistica351;Importante empresa del rubro informatica352;Importante empresa del rubro informatica353;Empresa Financiera354;Empresa Financiera355;Ripley356;Ripley357;Toyota Chile S.A.358;Toyota Chile S.A.359;Pontificia Universidad Catí_lica de Chile360;Pontificia Universidad Catí_lica de Chile361;FINNING CHILE S.A362;FINNING CHILE S.A363;AFP Habitat S.A.364;AFP Habitat S.A.365;Prestigiosa Empresa de Salud366;Prestigiosa Empresa de Salud367;Importante Empresa368;Importante Empresa369;EY (Ernst & Young)370;EY (Ernst & Young)371;GRUPO FIND CONSULTORES372;GRUPO FIND CONSULTORES373;Michael Page374;Michael Page375;Sitrans 376;Sitrans 377;CETEP378;CETEP379;Empresa de Servicios380;Empresa de Servicios381;Armas382;Armas383;Constructora384;Constructora385;Servicios Financieros -  Lider BCI386;Servicios Financieros -  Lider BCI387;Importadora Cafí© do Brasil S.A.I.C.388;Importadora Cafí© do Brasil S.A.I.C.389;Banco Crí©dito e Inversiones390;Banco Crí©dito e Inversiones391;Claro Chile392;Claro Chile393;Vií±a Concha y Toro S.A.394;Vií±a Concha y Toro S.A.395;EY (Ernst & Young)396;EY (Ernst & Young)397;DERCO398;DERCO399;Importante empresa400;Importante empresa401;Banco Consorcio402;Banco Consorcio403;Universidad San Sebastiíçn404;Universidad San Sebastiíçn405;Xinergí_a406;Xinergí_a407;Fijo-indefinido408;Fijo-indefinido409;Telefí_nica Chile410;Telefí_nica Chile411;Telefí_nica Chile Servicios Corporativos Ltda.412;Telefí_nica Chile Servicios Corporativos Ltda.413;Operaciones Portuarias414;Operaciones Portuarias415;Trabaja en el Chile416;Trabaja en el Chile417;Importante Empresa Vitiviní_cola418;Importante Empresa Vitiviní_cola419;SERVICIOS VARIOS420;SERVICIOS VARIOS421;Helpnet Ingenierí_a de Recursos Humanos Ltda.422;Helpnet Ingenierí_a de Recursos Humanos Ltda.423;Empresa de null424;Empresa de null425;IMPORTANTE EMPRESA426;IMPORTANTE EMPRESA427;ALSEA428;ALSEA429;Softys430;Softys431;Importante empresa del rubro de maquinaria432;Importante empresa del rubro de maquinaria433;Bupa Chile434;Bupa Chile435;Venture Capital436;Venture Capital437;Dimacofi438;Dimacofi439;Servicios Financieros Lider BCI440;Servicios Financieros Lider BCI441;Confidencial442;Confidencial443;CMR Falabella444;CMR Falabella445;Trabaja en el Chile446;Trabaja en el Chile447;target448;target449;Sinacofi450;Sinacofi451;Reconocida Empresa del rubro de Salud452;Reconocida Empresa del rubro de Salud453;Enjoy454;Enjoy455;Banco Consorcio456;Banco Consorcio457;Agrosuper458;Agrosuper459;Caro y Fuentealba Ltda.460;Caro y Fuentealba Ltda.461;Importante Empresa de Estudios de Mercados462;Importante Empresa de Estudios de Mercados463;Banco BICE464;Banco BICE465;Importante empresa lí_der en rubro de maquinaria y equipos466;Importante empresa lí_der en rubro de maquinaria y equipos467;Holding chileno de servicios financieros468;Holding chileno de servicios financieros469;EY (Ernst & Young)470;EY (Ernst & Young)471;Consalud472;Consalud473;CBRE CHILE474;CBRE CHILE475;Agrosuper476;Agrosuper477;Importante Empresa de la Industria Financiera478;Importante Empresa de la Industria Financiera479;Importante Institucií_n Financiera480;Importante Institucií_n Financiera481;CMPC Tissue482;CMPC Tissue483;EY (Ernst & Young)484;EY (Ernst & Young)485;Wom486;Wom487;Importante Empresa488;Importante Empresa489;CMPC Tissue490;CMPC Tissue491;CMPC Tissue492;CMPC Tissue493;AFP CUPRUM494;AFP CUPRUM495;Banco Falabella496;Banco Falabella497;BICE Inversiones498;BICE Inversiones499;Enaex500;Enaex501;Ripley502;Ripley503;R y Q Ingenieria504;R y Q Ingenieria505;Entel506;Entel507;Consalud508;Consalud509;Consultora Identidad de Marca510;Consultora Identidad de Marca511;Telefí_nica Chile Servicios Corporativos Ltda.512;Telefí_nica Chile Servicios Corporativos Ltda.513;Walmart Chile514;Walmart Chile515;Importante empresa del rubro financiero516;Importante empresa del rubro financiero517;ACHS518;ACHS519;WISE PLAN CONSULTORA SPA520;WISE PLAN CONSULTORA SPA521;Importante empresa rubro financiero522;Importante empresa rubro financiero523;CMPC Tissue524;CMPC Tissue525;Banco BICE526;Banco BICE527;Falabella Retail S.A.528;Falabella Retail S.A.529;Importante Empresa530;Importante Empresa531;GRUPO TAWA532;GRUPO TAWA533;Confidencial534;Confidencial535;Confidencial536;Confidencial537;Consultora RR:HH538;Consultora RR:HH539;Talento Virtual540;Talento Virtual541;Importante Empresa de Retail Financiero542;Importante Empresa de Retail Financiero543;Importante Empresa de Retail Financiero544;Importante Empresa de Retail Financiero545;Flesan546;Flesan547;Entel548;Entel549;WOM550;WOM551;Empresa prestadora de servicios para la minerí_a552;Empresa prestadora de servicios para la minerí_a553;veolia554;veolia555;MANDOMEDIO. COM S.A.556;MANDOMEDIO. COM S.A.557;MANDOMEDIO. COM S.A.558;MANDOMEDIO. COM S.A.559;Randstad Chile S.A.560;Randstad Chile S.A.561;Confidencial562;Confidencial563;Clí_nica privada564;Clí_nica privada565;Empresas SB566;Empresas SB567;Empresas SB568;Empresas SB569;Importante Empresa570;Importante Empresa571;Walmart Chile572;Walmart Chile573;Banco de Chile574;Banco de Chile575;EMPRESA DE SERVICIOS TI576;EMPRESA DE SERVICIOS TI577;Empresa de Transporte de Pasajeros METRO S.A578;Empresa de Transporte de Pasajeros METRO S.A579;Empresa de Transporte de Pasajeros METRO S.A580;Empresa de Transporte de Pasajeros METRO S.A581;Empresa Carozzi S.A582;Empresa Carozzi S.A583;CMPC Tissue584;CMPC Tissue585;CMPC Tissue586;CMPC Tissue587;Importante empresa588;Importante empresa589;Confidencial590;Confidencial591;Empresa de Retail Financiero592;Empresa de Retail Financiero593;Banco Ripley594;Banco Ripley595;Consultora596;Consultora597;Entel598;Entel599;Michael Page600;Michael Page601;Armas602;Armas603;Viajes Falabella604;Viajes Falabella605;Randstad Chile S.A.606;Randstad Chile S.A.607;Randstad Chile S.A.608;Randstad Chile S.A.609;Randstad Chile S.A.610;Randstad Chile S.A.611;Empresa de Transporte de Pasajeros METRO S.A612;Empresa de Transporte de Pasajeros METRO S.A613;Empresa de Consumo Masivo614;Empresa de Consumo Masivo615;Empresa Lí_der en su rubro616;Empresa Lí_der en su rubro617;Walmart Chile618;Walmart Chile619;Empresas Iansa S.A.620;Empresas Iansa S.A.621;Seguros Falabella622;Seguros Falabella623;Importante Empresa624;Importante Empresa625;Holding de Salud626;Holding de Salud627;Consorcio628;Consorcio629;nn630;nn631;GRAN HOLDING AUTOMOTRIZ632;GRAN HOLDING AUTOMOTRIZ633;Plataforma de Emprendimiento634;Plataforma de Emprendimiento635;Fundacií_n Arturo Lí_pez Pí©rez636;Fundacií_n Arturo Lí_pez Pí©rez637;I-Way Recruiting Intelligence SpA638;I-Way Recruiting Intelligence SpA639;Banco BICE640;Banco BICE641;Banco BICE642;Banco BICE643;Enaex644;Enaex645;MP646;MP647;WISE PLAN CONSULTORA SPA648;WISE PLAN CONSULTORA SPA649;Importante Empresa Multinacional650;Importante Empresa Multinacional651;AFP Cuprum652;AFP Cuprum653;Importante empresa del rubro financiero654;Importante empresa del rubro financiero655;Sodimac S.A.656;Sodimac S.A.657;RANKMI SPA658;RANKMI SPA659;Importante empresa en Santiago660;Importante empresa en Santiago661;Consorcio662;Consorcio663;Perceptual664;Perceptual665;GRAN HOLDING AUTOMOTRIZ666;GRAN HOLDING AUTOMOTRIZ667;Importante empresa de seguros.668;Importante empresa de seguros.669;Michael Page670;Michael Page671;Helpnet Ingenierí_a de Recursos Humanos Ltda.672;Helpnet Ingenierí_a de Recursos Humanos Ltda.673;Portal de empleos PROSEGUR674;Portal de empleos PROSEGUR675;SERFIN676;SERFIN677;Banco Ripley678;Banco Ripley679;CLIENTE680;CLIENTE681;Banco BICE682;Banco BICE683;Banco BICE684;Banco BICE685;MANDOMEDIO. COM S.A.686;MANDOMEDIO. COM S.A.687;Prestigiosa Universidad Privada688;Prestigiosa Universidad Privada689;Institucií_n financiera690;Institucií_n financiera691;CMPC Tissue692;CMPC Tissue693;CMPC Tissue694;CMPC Tissue695;Page Personnel696;Page Personnel697;Banco internacional698;Banco internacional699;AP700;AP701;arcoprime702;arcoprime703;Importante Empresa704;Importante Empresa705;Multinacional lí_der en su rubro706;Multinacional lí_der en su rubro707;Turismo Transtour S.A708;Turismo Transtour S.A709;Importante Institucií_n Financiera710;Importante Institucií_n Financiera711;MANDOMEDIO. COM S.A.712;MANDOMEDIO. COM S.A.713;Bupa Chile714;Bupa Chile715;Michael Page Internacional Ltda716;Michael Page Internacional Ltda717;Multinacional718;Multinacional719;Michael Page Internacional Ltda720;Michael Page Internacional Ltda721;Importante empresa Rubro Elí©ctrico722;Importante empresa Rubro Elí©ctrico723;MVS Group724;MVS Group725;Banco Ripley726;Banco Ripley727;Importante Compaí±í_a728;Importante Compaí±í_a729;Empresa Carozzi S.A730;Empresa Carozzi S.A731;MANDOMEDIO. COM S.A.732;MANDOMEDIO. COM S.A.733;Toyota Chile S.A.734;Toyota Chile S.A.735;NVM CONSULTORIA EN GESTION DE PERSONAS LTDA 736;NVM CONSULTORIA EN GESTION DE PERSONAS LTDA 737;Ingenierí_a y Gestií_n738;Ingenierí_a y Gestií_n739;RIPLEY740;RIPLEY741;Importante Empresa de Retail Financiero742;Importante Empresa de Retail Financiero743;Empresas SB744;Empresas SB745;Banco BICE746;Banco BICE747;Importante empresa de Retail748;Importante empresa de Retail749;Banco de Chile750;Banco de Chile751;Banco de Chile752;Banco de Chile753;Empresa Carozzi S.A754;Empresa Carozzi S.A755;GRUPO GTD756;GRUPO GTD757;Servicios Logí_stica758;Servicios Logí_stica759;Importadora Cafí© do Brasil S.A.I.C.760;Importadora Cafí© do Brasil S.A.I.C.761;Indumotora762;Indumotora763;Indumotora764;Indumotora765;Empresa Carozzi S.A766;Empresa Carozzi S.A767;Integramí©dica768;Integramí©dica769;NESTLE CHILE S.A.770;NESTLE CHILE S.A.771;Empresa lí_der en la fabricacií_n de materiales de  construccií_n772;Empresa lí_der en la fabricacií_n de materiales de  construccií_n773;EMPRESA LIDER EN AUTOADHESIVOS774;EMPRESA LIDER EN AUTOADHESIVOS775;Walmart Chile776;Walmart Chile777;Isapre778;Isapre779;Importante empresa de telecomunicaciones780;Importante empresa de telecomunicaciones781;Importante Holding782;Importante Holding783;Falabella Retail S.A.784;Falabella Retail S.A.785;PwC786;PwC787;Retail788;Retail789;Consultora de RR.HH790;Consultora de RR.HH791;Walmart Chile792;Walmart Chile793;Walmart Chile794;Walmart Chile795;Banco Ripley796;Banco Ripley797;Falabella Retail798;Falabella Retail799;Vida Cíçmara800;Vida Cíçmara801;Walmart Chile802;Walmart Chile803;OTEC804;OTEC805;Chilexpress806;Chilexpress807;Falabella Financiero808;Falabella Financiero809;Michael Page Internacional Ltda810;Michael Page Internacional Ltda811;SACI Falabella812;SACI Falabella813;Empresa de Ingenierí_a814;Empresa de Ingenierí_a815;PwC816;PwC817;MANDOMEDIO. COM S.A.818;MANDOMEDIO. COM S.A.819;Watts  S.A.820;Watts  S.A.821;Portal de empleos PROSEGUR822;Portal de empleos PROSEGUR823;arcoprime824;arcoprime825;NVM CONSULTORIA EN GESTION DE PERSONAS LTDA 826;NVM CONSULTORIA EN GESTION DE PERSONAS LTDA 827;CETEP828;CETEP829;Isapre Banmí©dica830;Isapre Banmí©dica831;Empresa de Servicios Financieros832;Empresa de Servicios Financieros833;Servicios Profesionales834;Servicios Profesionales835;Walmart Chile836;Walmart Chile837;Walmart Chile838;Walmart Chile839;Vida Cíçmara840;Vida Cíçmara841;Empresa Industrial842;Empresa Industrial843;Page Group.844;Page Group.845;Empresa de Alimentos846;Empresa de Alimentos847;Page Personnel848;Page Personnel849;CyD Ingenierí_a850;CyD Ingenierí_a851;GRUPO GTD852;GRUPO GTD853;Universidad de Las Americas854;Universidad de Las Americas855;Importante multinacional farmací©utica856;Importante multinacional farmací©utica857;Importante Organizacií_n858;Importante Organizacií_n859;otra860;otra861;Empresa multinacional862;Empresa multinacional863;Ripley864;Ripley865;Randstad Chile S.A.866;Randstad Chile S.A.867;Importante Empresa de Retail Financiero868;Importante Empresa de Retail Financiero869;Importante Empresa de Retail Financiero870;Importante Empresa de Retail Financiero871;LATAM872;LATAM873;MEDITERRANEAN SHIPPING COMPANY (CHILE) S.A874;MEDITERRANEAN SHIPPING COMPANY (CHILE) S.A875;CCU876;CCU877;Enaex878;Enaex879;Importante empresa de servicios de abastecimiento880;Importante empresa de servicios de abastecimiento881;Team Work Recursos Humanos Ltda.882;Team Work Recursos Humanos Ltda.883;NESTLE CHILE S.A.884;NESTLE CHILE S.A.885;NESTLE CHILE S.A.886;NESTLE CHILE S.A.887;IMPORTANTE EMPRESA DE MAQUINARIA INDUSTRIAL 888;IMPORTANTE EMPRESA DE MAQUINARIA INDUSTRIAL 889;ACHS890;ACHS891;GOOD FOOD S.A.892;GOOD FOOD S.A.893;Compaí±í_a de Productos Intangeibles894;Compaí±í_a de Productos Intangeibles895;LATAM AIRLINES896;LATAM AIRLINES897;Compaí±í_a de Productos Intangeibles898;Compaí±í_a de Productos Intangeibles899;Consorcio900;Consorcio901;EY (Ernst & Young)902;EY (Ernst & Young)903;Coca-Cola Andina S.A.904;Coca-Cola Andina S.A.905;Anglo American906;Anglo American907;CMPC908;CMPC909;Michael Page910;Michael Page911;Empresa Constructora Inmobiliaria912;Empresa Constructora Inmobiliaria913;Consultora en RRHH914;Consultora en RRHH915;RANKMI SPA916;RANKMI SPA917;Coca-Cola Embonor918;Coca-Cola Embonor919;Watts  S.A.920;Watts  S.A.